list,name,desc,labels,estimate_md
Do zrobienia teraz,Kalibracja szacunków na zamkniętych zadaniach,"Porównać rzeczywisty czas CAL-SLOT-ENGINE, FNL-2PHASE-BOOKING-MECHANICS i przeglądarki dokumentacji z szacunkiem w MD. Bez tego żaden termin nie jest wiążący (PLAN-DOKONCZENIA-SYSTEMU.md rozdz. 5).",proces,"0,5"
Do zrobienia teraz,Okno kontraktowe: rejestracja 31 nowych wymagań,"Rejestracja FLD-*, FLD-SIGN-*, PRICE-*, INV-*, DOC-*, zmiany statusów, zmiana FLD-PHOTO-SET (4+2n), przepisanie FNL-2PHASE-INVOICE, zdjęcie invoice_phase_1 z N8a, leads:create dla audytora, próg 300 m2 dla VAT.",kontrakt,1-2
Do zrobienia teraz,Zatwierdzenie ADR-013 (warstwa zapisu Field App),Szkic: docs/architecture/ADR-013-warstwa-zapisu-field-app.md. Do wydania przez contract-steward razem z wpisem w 01-ADR-spec-conflicts.md.,kontrakt,"0,5"
Zależności zewnętrzne,Umowa z EuroCert (znacznik czasu),"Sprawdzić, czy da się zawrzeć przed wpisem spółki do KRS. Blokuje FLD-SIGN-TSA.",formalne,
Zależności zewnętrzne,Konto Apple Developer i Google Play,Apple wymaga numeru D-U-N-S spółki. Rozważyć start na Androidzie. Blokuje FLD-APP-DISTRIBUTION.,formalne,
Zależności zewnętrzne,Treści dokumentów prawnych (D5),"7 wzorów w docs/legal/ ma dziś treść zastępczą. Podmiana bez zmiany kodu, jeśli zachowane pola {{...}}.",formalne,
Zależności zewnętrzne,Odpowiedzi prawnika na pytania 1-8,"Trwały nośnik, umowa poza lokalem, podpis na telefonie, RODO lokalizacji w tle. Blokuje podpis zdalny i umowę.",formalne,
Zależności zewnętrzne,Uzupełnienie cennika (D16),"13 pozycji bez kosztu ekipy, 5 bez kategorii i opisu. Blokuje marżę i rozliczenia ekip.",dane,
Zależności zewnętrzne,Konto i klucz API inFakt,Potrzebne do INV-PROFORMA / INV-ADVANCE-AUTO / INV-FINAL. Zapewne po KRS.,formalne,
P1 Powiadomienia,"NTF-GATEWAY-SMS: Bramka SMSAPI: wysyłka z kolejki, pole nadawcy gotowe i przetestowane",Wymaganie NTF-GATEWAY-SMS. Strumień P1 Powiadomienia. Szczegóły: docs/workorders/PLAN-DOKONCZENIA-SYSTEMU.md,p1,
P1 Powiadomienia,NTF-GATEWAY-EMAIL: Bramka Mailtrap: wysyłka i zdarzenie delivery jako dowód doręczenia,Wymaganie NTF-GATEWAY-EMAIL. Strumień P1 Powiadomienia. Szczegóły: docs/workorders/PLAN-DOKONCZENIA-SYSTEMU.md,p1,
P1 Powiadomienia,NTF-TEMPLATES: Szablony HTML wiadomości,Wymaganie NTF-TEMPLATES. Strumień P1 Powiadomienia. Szczegóły: docs/workorders/PLAN-DOKONCZENIA-SYSTEMU.md,p1,
P1 Powiadomienia,NTF-CATALOG-PARITY: Każde powiadomienie z katalogu ma szablon i odwrotnie,Wymaganie NTF-CATALOG-PARITY. Strumień P1 Powiadomienia. Szczegóły: docs/workorders/PLAN-DOKONCZENIA-SYSTEMU.md,p1,
P1 Powiadomienia,"NTF-QUEUE-WINDOW: SMS tylko w oknie 8:00-18:00, poza oknem kolejkowanie",Wymaganie NTF-QUEUE-WINDOW. Strumień P1 Powiadomienia. Szczegóły: docs/workorders/PLAN-DOKONCZENIA-SYSTEMU.md,p1,
P1 Powiadomienia,NTF-RETRY: Ponowienie błędnych wysyłek z Centrum Powiadomień,Wymaganie NTF-RETRY. Strumień P1 Powiadomienia. Szczegóły: docs/workorders/PLAN-DOKONCZENIA-SYSTEMU.md,p1,
P1 Powiadomienia,"NTF-POLY: Powiadomienia serwisowe i usterkowe, nie tylko lejek",Wymaganie NTF-POLY. Strumień P1 Powiadomienia. Szczegóły: docs/workorders/PLAN-DOKONCZENIA-SYSTEMU.md,p1,
P1 Powiadomienia,NTF-HISTORY: Historia komunikacji na karcie 360,Wymaganie NTF-HISTORY. Strumień P1 Powiadomienia. Szczegóły: docs/workorders/PLAN-DOKONCZENIA-SYSTEMU.md,p1,
P1 Powiadomienia,NTF-I7-SLA: Usterka krytyczna: push do dyspozytora i zegar SLA 48h,Wymaganie NTF-I7-SLA. Strumień P1 Powiadomienia. Szczegóły: docs/workorders/PLAN-DOKONCZENIA-SYSTEMU.md,p1,
P2 Bezpieczeństwo i RODO,SEC-AUDIT-LOG: Dziennik zdarzeń: zapis operacji,Wymaganie SEC-AUDIT-LOG. Strumień P2 Bezpieczeństwo i RODO. Szczegóły: docs/workorders/PLAN-DOKONCZENIA-SYSTEMU.md,p2,
P2 Bezpieczeństwo i RODO,SEC-AUDIT-LOG-APPEND-ONLY: Dziennik nieusuwalny na poziomie bazy,Wymaganie SEC-AUDIT-LOG-APPEND-ONLY. Strumień P2 Bezpieczeństwo i RODO. Szczegóły: docs/workorders/PLAN-DOKONCZENIA-SYSTEMU.md,p2,
P2 Bezpieczeństwo i RODO,SEC-AUDIT-LOG-DELETE: Rejestrowanie usunięć,Wymaganie SEC-AUDIT-LOG-DELETE. Strumień P2 Bezpieczeństwo i RODO. Szczegóły: docs/workorders/PLAN-DOKONCZENIA-SYSTEMU.md,p2,
P2 Bezpieczeństwo i RODO,SEC-AUDIT-LOG-ROLE-CHANGE: Rejestrowanie zmian ról,Wymaganie SEC-AUDIT-LOG-ROLE-CHANGE. Strumień P2 Bezpieczeństwo i RODO. Szczegóły: docs/workorders/PLAN-DOKONCZENIA-SYSTEMU.md,p2,
P2 Bezpieczeństwo i RODO,SEC-AUDIT-LOG-MANUAL-STATUS: Rejestrowanie ręcznych zmian statusu,Wymaganie SEC-AUDIT-LOG-MANUAL-STATUS. Strumień P2 Bezpieczeństwo i RODO. Szczegóły: docs/workorders/PLAN-DOKONCZENIA-SYSTEMU.md,p2,
P2 Bezpieczeństwo i RODO,SEC-AUTHZ-B2B-READS: Autoryzacja odczytów w panelu,Wymaganie SEC-AUTHZ-B2B-READS. Strumień P2 Bezpieczeństwo i RODO. Szczegóły: docs/workorders/PLAN-DOKONCZENIA-SYSTEMU.md,p2,
P2 Bezpieczeństwo i RODO,SEC-AUTHZ-USER-MGMT: Autoryzacja zarządzania użytkownikami,Wymaganie SEC-AUTHZ-USER-MGMT. Strumień P2 Bezpieczeństwo i RODO. Szczegóły: docs/workorders/PLAN-DOKONCZENIA-SYSTEMU.md,p2,
P2 Bezpieczeństwo i RODO,SEC-ASSIGNMENT-POOL-MINIMIZE: Minimalizacja danych w puli przydziału,Wymaganie SEC-ASSIGNMENT-POOL-MINIMIZE. Strumień P2 Bezpieczeństwo i RODO. Szczegóły: docs/workorders/PLAN-DOKONCZENIA-SYSTEMU.md,p2,
P2 Bezpieczeństwo i RODO,SEC-SSO-GUARD: Bramka logowania Google SSO,Wymaganie SEC-SSO-GUARD. Strumień P2 Bezpieczeństwo i RODO. Szczegóły: docs/workorders/PLAN-DOKONCZENIA-SYSTEMU.md,p2,
P2 Bezpieczeństwo i RODO,SEC-LAST-ADMIN-GUARD: Nie można usunąć ostatniego administratora,Wymaganie SEC-LAST-ADMIN-GUARD. Strumień P2 Bezpieczeństwo i RODO. Szczegóły: docs/workorders/PLAN-DOKONCZENIA-SYSTEMU.md,p2,
P2 Bezpieczeństwo i RODO,SEC-EMAIL-CASE-NORMALIZE: Normalizacja wielkości liter w adresach e-mail,Wymaganie SEC-EMAIL-CASE-NORMALIZE. Strumień P2 Bezpieczeństwo i RODO. Szczegóły: docs/workorders/PLAN-DOKONCZENIA-SYSTEMU.md,p2,
P2 Bezpieczeństwo i RODO,SEC-RODO-DELETE: Realizacja wniosku o usunięcie danych,Wymaganie SEC-RODO-DELETE. Strumień P2 Bezpieczeństwo i RODO. Szczegóły: docs/workorders/PLAN-DOKONCZENIA-SYSTEMU.md,p2,
P2 Bezpieczeństwo i RODO,CRM-DELETE-ADMIN-ONLY: Usuwanie rekordów tylko dla administratora,Wymaganie CRM-DELETE-ADMIN-ONLY. Strumień P2 Bezpieczeństwo i RODO. Szczegóły: docs/workorders/PLAN-DOKONCZENIA-SYSTEMU.md,p2,
P2 Bezpieczeństwo i RODO,CRM-DELETE-ADMIN-ONLY-CLIENTS: Usuwanie klientów tylko dla administratora,Wymaganie CRM-DELETE-ADMIN-ONLY-CLIENTS. Strumień P2 Bezpieczeństwo i RODO. Szczegóły: docs/workorders/PLAN-DOKONCZENIA-SYSTEMU.md,p2,
P2 Bezpieczeństwo i RODO,CRM-CLIENT-ANONYMIZE-RODO: Anonimizacja klienta zamiast usunięcia,Wymaganie CRM-CLIENT-ANONYMIZE-RODO. Strumień P2 Bezpieczeństwo i RODO. Szczegóły: docs/workorders/PLAN-DOKONCZENIA-SYSTEMU.md,p2,
P3 Lejek i dokumenty,FNL-E1-E2: Przejście: nowy lead do oczekiwania na audyt,Wymaganie FNL-E1-E2. Strumień P3 Lejek i dokumenty. Szczegóły: docs/workorders/PLAN-DOKONCZENIA-SYSTEMU.md,p3,
P3 Lejek i dokumenty,FNL-E2-E3: Wysłanie wyceny po audycie,Wymaganie FNL-E2-E3. Strumień P3 Lejek i dokumenty. Szczegóły: docs/workorders/PLAN-DOKONCZENIA-SYSTEMU.md,p3,
P3 Lejek i dokumenty,FNL-E3-E4: Akceptacja wyceny i rezerwacja montażu,Wymaganie FNL-E3-E4. Strumień P3 Lejek i dokumenty. Szczegóły: docs/workorders/PLAN-DOKONCZENIA-SYSTEMU.md,p3,
P3 Lejek i dokumenty,FNL-E3-BUCKET: Kubełek leadów po wycenie,Wymaganie FNL-E3-BUCKET. Strumień P3 Lejek i dokumenty. Szczegóły: docs/workorders/PLAN-DOKONCZENIA-SYSTEMU.md,p3,
P3 Lejek i dokumenty,FNL-E4-E5: Przydzielenie ekipy i zamówienie sprzętu,Wymaganie FNL-E4-E5. Strumień P3 Lejek i dokumenty. Szczegóły: docs/workorders/PLAN-DOKONCZENIA-SYSTEMU.md,p3,
P3 Lejek i dokumenty,FNL-E6-E7: Doręczenie sprzętu: webhook kuriera lub akcja dyspozytora,Wymaganie FNL-E6-E7. Strumień P3 Lejek i dokumenty. Szczegóły: docs/workorders/PLAN-DOKONCZENIA-SYSTEMU.md,p3,
P3 Lejek i dokumenty,FNL-E7-E8: Zamknięcie montażu przez montera,Wymaganie FNL-E7-E8. Strumień P3 Lejek i dokumenty. Szczegóły: docs/workorders/PLAN-DOKONCZENIA-SYSTEMU.md,p3,
P3 Lejek i dokumenty,FNL-NO-ILLEGAL-TRANSITIONS: Brak nielegalnych przejść w lejku,Wymaganie FNL-NO-ILLEGAL-TRANSITIONS. Strumień P3 Lejek i dokumenty. Szczegóły: docs/workorders/PLAN-DOKONCZENIA-SYSTEMU.md,p3,
P3 Lejek i dokumenty,FNL-2PHASE: Montaż dwuetapowy: tryb ustawiany przez audytora,Wymaganie FNL-2PHASE. Strumień P3 Lejek i dokumenty. Szczegóły: docs/workorders/PLAN-DOKONCZENIA-SYSTEMU.md,p3,
P3 Lejek i dokumenty,FNL-ROLLBACK-BOOKING-RELEASE: Rollback zwalnia zarezerwowany termin,Wymaganie FNL-ROLLBACK-BOOKING-RELEASE. Strumień P3 Lejek i dokumenty. Szczegóły: docs/workorders/PLAN-DOKONCZENIA-SYSTEMU.md,p3,
P3 Lejek i dokumenty,FNL-ROLLBACK-EXIT: Wybór nowego terminu wraca do E4,Wymaganie FNL-ROLLBACK-EXIT. Strumień P3 Lejek i dokumenty. Szczegóły: docs/workorders/PLAN-DOKONCZENIA-SYSTEMU.md,p3,
P3 Lejek i dokumenty,SLA-QUOTE-14D: Okno ważności wyceny 14 dni w jednym miejscu,Wymaganie SLA-QUOTE-14D. Strumień P3 Lejek i dokumenty. Szczegóły: docs/workorders/PLAN-DOKONCZENIA-SYSTEMU.md,p3,
P3 Lejek i dokumenty,FNL-ADVANCE-STATUS-CONTRACT-BOUND: Status zaliczki związany z kontraktem,Wymaganie FNL-ADVANCE-STATUS-CONTRACT-BOUND. Strumień P3 Lejek i dokumenty. Szczegóły: docs/workorders/PLAN-DOKONCZENIA-SYSTEMU.md,p3,
P3 Lejek i dokumenty,"DOC-PDF-RENDER: Wspólny silnik PDF: protokół, umowa, oferta",Wymaganie DOC-PDF-RENDER. Strumień P3 Lejek i dokumenty. Szczegóły: docs/workorders/PLAN-DOKONCZENIA-SYSTEMU.md,p3,
P4 Wycena i cennik,"PRICE-LIST-SCHEMA: Tabela cennika: koszt zakupu osobno od ceny sprzedaży, wersje cen",Wymaganie PRICE-LIST-SCHEMA. Strumień P4 Wycena i cennik. Szczegóły: docs/workorders/PLAN-DOKONCZENIA-SYSTEMU.md,p4,
P4 Wycena i cennik,PRICE-LIST-IMPORT: Import 39 pozycji z arkusza (docs/architecture/cennik-robocizny.csv),Wymaganie PRICE-LIST-IMPORT. Strumień P4 Wycena i cennik. Szczegóły: docs/workorders/PLAN-DOKONCZENIA-SYSTEMU.md,p4,
P4 Wycena i cennik,PRICE-LIST-ADMIN: Ekran /settings/pricing w panelu B2B,Wymaganie PRICE-LIST-ADMIN. Strumień P4 Wycena i cennik. Szczegóły: docs/workorders/PLAN-DOKONCZENIA-SYSTEMU.md,p4,
P4 Wycena i cennik,STD-INSTALL-CONFIG: Ekran /settings/standard-installation: montaż standardowy z pozycji cennika,Wymaganie STD-INSTALL-CONFIG. Strumień P4 Wycena i cennik. Szczegóły: docs/workorders/PLAN-DOKONCZENIA-SYSTEMU.md,p4,
P4 Wycena i cennik,"PRICE-VAT-RATE: Stawka VAT z obiektu: mieszkalny do 300 m2 = 8%, powyżej = 23%, usługowy = 23%",Wymaganie PRICE-VAT-RATE. Strumień P4 Wycena i cennik. Szczegóły: docs/workorders/PLAN-DOKONCZENIA-SYSTEMU.md,p4,
P4 Wycena i cennik,B2C-TRIAGE-PRICE-FROM-PRICE-LIST: Triage liczy z tego samego cennika; koniec z literałem 1200 zł,Wymaganie B2C-TRIAGE-PRICE-FROM-PRICE-LIST. Strumień P4 Wycena i cennik. Szczegóły: docs/workorders/PLAN-DOKONCZENIA-SYSTEMU.md,p4,
P4 Wycena i cennik,"FLD-QUOTE-VARIANTS: Oferta z 1-3 wariantami, tabela quotes",Wymaganie FLD-QUOTE-VARIANTS. Strumień P4 Wycena i cennik. Szczegóły: docs/workorders/PLAN-DOKONCZENIA-SYSTEMU.md,p4,
P4 Wycena i cennik,"FLD-QUOTE-CALC: Silnik wyceny: pozycje x ilości, marża, kwota zaliczki wg D8",Wymaganie FLD-QUOTE-CALC. Strumień P4 Wycena i cennik. Szczegóły: docs/workorders/PLAN-DOKONCZENIA-SYSTEMU.md,p4,
P4 Wycena i cennik,"FLD-QUOTE-MANUAL-ITEM: Pozycja indywidualna poza cennikiem (stelaż, zwyżka)",Wymaganie FLD-QUOTE-MANUAL-ITEM. Strumień P4 Wycena i cennik. Szczegóły: docs/workorders/PLAN-DOKONCZENIA-SYSTEMU.md,p4,
P4 Wycena i cennik,FLD-QUOTE-PRICE-SNAPSHOT: Oferta pamięta ceny z dnia wystawienia,Wymaganie FLD-QUOTE-PRICE-SNAPSHOT. Strumień P4 Wycena i cennik. Szczegóły: docs/workorders/PLAN-DOKONCZENIA-SYSTEMU.md,p4,
P5 Field App,"FLD-APP-SHELL: Aplikacja Expo: nawigacja, układ na telefon, logowanie",Wymaganie FLD-APP-SHELL. Strumień P5 Field App. Szczegóły: docs/workorders/PLAN-DOKONCZENIA-SYSTEMU.md,p5,
P5 Field App,"FLD-API-LAYER: Route Handlery z can() i Prismą, idempotencja (ADR-013)",Wymaganie FLD-API-LAYER. Strumień P5 Field App. Szczegóły: docs/workorders/PLAN-DOKONCZENIA-SYSTEMU.md,p5,
P5 Field App,"FLD-APP-DISTRIBUTION: EAS Build/Update, TestFlight, Play Console",Wymaganie FLD-APP-DISTRIBUTION. Strumień P5 Field App. Szczegóły: docs/workorders/PLAN-DOKONCZENIA-SYSTEMU.md,p5,
P5 Field App,"FLD-MOBILE-TEST-HARNESS: Jest + RNTL, E2E Maestro, wpięcie w bramkę CI",Wymaganie FLD-MOBILE-TEST-HARNESS. Strumień P5 Field App. Szczegóły: docs/workorders/PLAN-DOKONCZENIA-SYSTEMU.md,p5,
P5 Field App,FLD-AUTH-BLOCKED: Blokada konta odcina dostęp natychmiast,Wymaganie FLD-AUTH-BLOCKED. Strumień P5 Field App. Szczegóły: docs/workorders/PLAN-DOKONCZENIA-SYSTEMU.md,p5,
P5 Field App,"FLD-JOBS-OWN: Lista zleceń zawężona do pracownika, fail-closed",Wymaganie FLD-JOBS-OWN. Strumień P5 Field App. Szczegóły: docs/workorders/PLAN-DOKONCZENIA-SYSTEMU.md,p5,
P5 Field App,FLD-CONSENT-ACCEPT: Rejestracja akceptacji dokumentów przez pracownika,Wymaganie FLD-CONSENT-ACCEPT. Strumień P5 Field App. Szczegóły: docs/workorders/PLAN-DOKONCZENIA-SYSTEMU.md,p5,
P5 Field App,FLD-LEGAL-DOC-VERSION: Wersjonowanie dokumentów prawnych pracownika,Wymaganie FLD-LEGAL-DOC-VERSION. Strumień P5 Field App. Szczegóły: docs/workorders/PLAN-DOKONCZENIA-SYSTEMU.md,p5,
P5 Field App,FLD-CONSENT-ENFORCE: Brak zgód blokuje rozpoczęcie zlecenia,Wymaganie FLD-CONSENT-ENFORCE. Strumień P5 Field App. Szczegóły: docs/workorders/PLAN-DOKONCZENIA-SYSTEMU.md,p5,
P5 Field App,FLD-CONSENT-TRIGGERS-INTEGRATION: Testy mechanizmów zgód na żywym Postgresie (powód blokady nieaktualny),Wymaganie FLD-CONSENT-TRIGGERS-INTEGRATION. Strumień P5 Field App. Szczegóły: docs/workorders/PLAN-DOKONCZENIA-SYSTEMU.md,p5,
P5 Field App,FLD-BASE-LOCATION-EDIT: Edycja lokalizacji bazowej przez pracownika,Wymaganie FLD-BASE-LOCATION-EDIT. Strumień P5 Field App. Szczegóły: docs/workorders/PLAN-DOKONCZENIA-SYSTEMU.md,p5,
P5 Field App,FLD-CHECKLIST-PREINSTALL: Checklista przedmontażowa,Wymaganie FLD-CHECKLIST-PREINSTALL. Strumień P5 Field App. Szczegóły: docs/workorders/PLAN-DOKONCZENIA-SYSTEMU.md,p5,
P5 Field App,FLD-PHOTO-SET: Zestaw zdjęć 4+2n; etap I: trasy i manometr azotu,Wymaganie FLD-PHOTO-SET. Strumień P5 Field App. Szczegóły: docs/workorders/PLAN-DOKONCZENIA-SYSTEMU.md,p5,
P5 Field App,FLD-PHOTO-STORAGE: Osobny bucket i polityki dla zdjęć montażowych,Wymaganie FLD-PHOTO-STORAGE. Strumień P5 Field App. Szczegóły: docs/workorders/PLAN-DOKONCZENIA-SYSTEMU.md,p5,
P5 Field App,FLD-PHOTO-UPLOAD-RESILIENT: Kompresja i ponawianie wysyłki bez duplikatów,Wymaganie FLD-PHOTO-UPLOAD-RESILIENT. Strumień P5 Field App. Szczegóły: docs/workorders/PLAN-DOKONCZENIA-SYSTEMU.md,p5,
P5 Field App,FLD-OFFLINE-OUTBOX: Szkic lokalny i kolejka wysyłki (expo-sqlite),Wymaganie FLD-OFFLINE-OUTBOX. Strumień P5 Field App. Szczegóły: docs/workorders/PLAN-DOKONCZENIA-SYSTEMU.md,p5,
P5 Field App,"FLD-HANDOVER-PROTOCOL: Protokół odbioru: numery seryjne, parametry prób liczbowo",Wymaganie FLD-HANDOVER-PROTOCOL. Strumień P5 Field App. Szczegóły: docs/workorders/PLAN-DOKONCZENIA-SYSTEMU.md,p5,
P5 Field App,FLD-INSTALL-PAYOUT-APPROVAL: Zatwierdzenie odbioru do wypłaty ekipy,Wymaganie FLD-INSTALL-PAYOUT-APPROVAL. Strumień P5 Field App. Szczegóły: docs/workorders/PLAN-DOKONCZENIA-SYSTEMU.md,p5,
P5 Field App,FLD-GEO-COORDS: Współrzędne adresów,Wymaganie FLD-GEO-COORDS. Strumień P5 Field App. Szczegóły: docs/workorders/PLAN-DOKONCZENIA-SYSTEMU.md,p5,
P5 Field App,FLD-GEO-UNLOCK: Odblokowanie akcji w promieniu 20 m,Wymaganie FLD-GEO-UNLOCK. Strumień P5 Field App. Szczegóły: docs/workorders/PLAN-DOKONCZENIA-SYSTEMU.md,p5,
P5 Field App,"FLD-GEO-EN-ROUTE: SMS w drodze przy 3 km, geolokalizacja w tle",Wymaganie FLD-GEO-EN-ROUTE. Strumień P5 Field App. Szczegóły: docs/workorders/PLAN-DOKONCZENIA-SYSTEMU.md,p5,
P5 Field App,FLD-GPS-RODO: Zgodność RODO dla danych lokalizacyjnych,Wymaganie FLD-GPS-RODO. Strumień P5 Field App. Szczegóły: docs/workorders/PLAN-DOKONCZENIA-SYSTEMU.md,p5,
P5 Field App,FLD-AUDIT-FORM: Formularz audytu pomieszczenie po pomieszczeniu,Wymaganie FLD-AUDIT-FORM. Strumień P5 Field App. Szczegóły: docs/workorders/PLAN-DOKONCZENIA-SYSTEMU.md,p5,
P5 Field App,FLD-AUDIT-INSTALL-TYPE: Audytor ustawia tryb montażu,Wymaganie FLD-AUDIT-INSTALL-TYPE. Strumień P5 Field App. Szczegóły: docs/workorders/PLAN-DOKONCZENIA-SYSTEMU.md,p5,
P5 Field App,FLD-AUDIT-LEAD-CREATE: Audytor zakłada leada (drugie wejście do lejka),Wymaganie FLD-AUDIT-LEAD-CREATE. Strumień P5 Field App. Szczegóły: docs/workorders/PLAN-DOKONCZENIA-SYSTEMU.md,p5,
P5 Field App,FLD-QUOTE-BASKET-SELECT-AUDITOR: Wybór koszyka czasu przez audytora,Wymaganie FLD-QUOTE-BASKET-SELECT-AUDITOR. Strumień P5 Field App. Szczegóły: docs/workorders/PLAN-DOKONCZENIA-SYSTEMU.md,p5,
P6 Podpis elektroniczny,FLD-SIGN-DOC-FREEZE: Zamrożenie wersji dokumentu przed podpisem,Wymaganie FLD-SIGN-DOC-FREEZE. Strumień P6 Podpis elektroniczny. Szczegóły: docs/workorders/PLAN-DOKONCZENIA-SYSTEMU.md,p6,
P6 Podpis elektroniczny,FLD-SIGN-CAPTURE: Podpis palcem na telefonie (Skia),Wymaganie FLD-SIGN-CAPTURE. Strumień P6 Podpis elektroniczny. Szczegóły: docs/workorders/PLAN-DOKONCZENIA-SYSTEMU.md,p6,
P6 Podpis elektroniczny,"FLD-SIGN-AUDIT-TRAIL: Ślad append-only z łańcuchem skrótów, karta podpisu",Wymaganie FLD-SIGN-AUDIT-TRAIL. Strumień P6 Podpis elektroniczny. Szczegóły: docs/workorders/PLAN-DOKONCZENIA-SYSTEMU.md,p6,
P6 Podpis elektroniczny,FLD-SIGN-TSA: Kwalifikowany znacznik czasu z EuroCert (RFC 3161),Wymaganie FLD-SIGN-TSA. Strumień P6 Podpis elektroniczny. Szczegóły: docs/workorders/PLAN-DOKONCZENIA-SYSTEMU.md,p6,
P6 Podpis elektroniczny,"FLD-SIGN-REMOTE: Publiczna strona podpisu: token jednorazowy, wygasający",Wymaganie FLD-SIGN-REMOTE. Strumień P6 Podpis elektroniczny. Szczegóły: docs/workorders/PLAN-DOKONCZENIA-SYSTEMU.md,p6,
P6 Podpis elektroniczny,FLD-SIGN-REMOTE-OTP: Obowiązkowy kod SMS przy podpisie zdalnym,Wymaganie FLD-SIGN-REMOTE-OTP. Strumień P6 Podpis elektroniczny. Szczegóły: docs/workorders/PLAN-DOKONCZENIA-SYSTEMU.md,p6,
P6 Podpis elektroniczny,FLD-SIGN-DELIVERY-PROOF: Zdarzenie delivery z Mailtrap jako dowód,Wymaganie FLD-SIGN-DELIVERY-PROOF. Strumień P6 Podpis elektroniczny. Szczegóły: docs/workorders/PLAN-DOKONCZENIA-SYSTEMU.md,p6,
P6 Podpis elektroniczny,"FLD-SIGN-ABUSE-GUARD: Limit prób, ochrona przed enumeracją tokenów",Wymaganie FLD-SIGN-ABUSE-GUARD. Strumień P6 Podpis elektroniczny. Szczegóły: docs/workorders/PLAN-DOKONCZENIA-SYSTEMU.md,p6,
P6 Podpis elektroniczny,FLD-SIGN-DURABLE-COPY: Kopia na trwałym nośniku dla klienta,Wymaganie FLD-SIGN-DURABLE-COPY. Strumień P6 Podpis elektroniczny. Szczegóły: docs/workorders/PLAN-DOKONCZENIA-SYSTEMU.md,p6,
P6 Podpis elektroniczny,DOC-LEGAL-VERSION-REGISTRY: Rejestr wersji dokumentów klienta w bazie,Wymaganie DOC-LEGAL-VERSION-REGISTRY. Strumień P6 Podpis elektroniczny. Szczegóły: docs/workorders/PLAN-DOKONCZENIA-SYSTEMU.md,p6,
P7 Faktury i płatności,INV-PROFORMA: Proforma lub wezwanie do zapłaty przed wpłatą,Wymaganie INV-PROFORMA. Strumień P7 Faktury i płatności. Szczegóły: docs/workorders/PLAN-DOKONCZENIA-SYSTEMU.md,p7,
P7 Faktury i płatności,"INV-ADVANCE-AUTO: Faktura zaliczkowa automatycznie po wpłacie, idempotentnie",Wymaganie INV-ADVANCE-AUTO. Strumień P7 Faktury i płatności. Szczegóły: docs/workorders/PLAN-DOKONCZENIA-SYSTEMU.md,p7,
P7 Faktury i płatności,"INV-FINAL: Faktura rozliczeniowa przy T09, nigdy przy T17",Wymaganie INV-FINAL. Strumień P7 Faktury i płatności. Szczegóły: docs/workorders/PLAN-DOKONCZENIA-SYSTEMU.md,p7,
P7 Faktury i płatności,FNL-2PHASE-INVOICE: Przepisanie: rozliczenie po etapie II,Wymaganie FNL-2PHASE-INVOICE. Strumień P7 Faktury i płatności. Szczegóły: docs/workorders/PLAN-DOKONCZENIA-SYSTEMU.md,p7,
P7 Faktury i płatności,FLD-CONTRACT-GENERATE: Umowa z oferty na wzorze z docs/legal/,Wymaganie FLD-CONTRACT-GENERATE. Strumień P7 Faktury i płatności. Szczegóły: docs/workorders/PLAN-DOKONCZENIA-SYSTEMU.md,p7,
P7 Faktury i płatności,"PAY-DEPOSIT-LINK: Link do płatności, PayU, idempotentny webhook",Wymaganie PAY-DEPOSIT-LINK. Strumień P7 Faktury i płatności. Szczegóły: docs/workorders/PLAN-DOKONCZENIA-SYSTEMU.md,p7,
P8 B2C,B2C-LEAD-ENTRY: Wejście do lejka; po D14 także ścieżka audytora,Wymaganie B2C-LEAD-ENTRY. Strumień P8 B2C. Szczegóły: docs/workorders/PLAN-DOKONCZENIA-SYSTEMU.md,p8,
P8 B2C,B2C-LEAD-ATOMIC: Atomowe zakładanie leada,Wymaganie B2C-LEAD-ATOMIC. Strumień P8 B2C. Szczegóły: docs/workorders/PLAN-DOKONCZENIA-SYSTEMU.md,p8,
P8 B2C,B2C-CONSENT-RODO: Zgoda RODO z wersją regulaminu,Wymaganie B2C-CONSENT-RODO. Strumień P8 B2C. Szczegóły: docs/workorders/PLAN-DOKONCZENIA-SYSTEMU.md,p8,
P8 B2C,B2C-RLS-PUBLIC: Polityki RLS dla ruchu publicznego,Wymaganie B2C-RLS-PUBLIC. Strumień P8 B2C. Szczegóły: docs/workorders/PLAN-DOKONCZENIA-SYSTEMU.md,p8,
P8 B2C,B2C-TRIAGE-STEPS: Kroki Triage,Wymaganie B2C-TRIAGE-STEPS. Strumień P8 B2C. Szczegóły: docs/workorders/PLAN-DOKONCZENIA-SYSTEMU.md,p8,
P8 B2C,B2C-TRIAGE-CONDITIONAL: Logika warunkowa Triage,Wymaganie B2C-TRIAGE-CONDITIONAL. Strumień P8 B2C. Szczegóły: docs/workorders/PLAN-DOKONCZENIA-SYSTEMU.md,p8,
P8 B2C,B2C-SOFT-LEAD: Soft lead z exit intent,Wymaganie B2C-SOFT-LEAD. Strumień P8 B2C. Szczegóły: docs/workorders/PLAN-DOKONCZENIA-SYSTEMU.md,p8,
P8 B2C,B2C-BOOKING-VALIDATION: Walidacja rezerwacji,Wymaganie B2C-BOOKING-VALIDATION. Strumień P8 B2C. Szczegóły: docs/workorders/PLAN-DOKONCZENIA-SYSTEMU.md,p8,
P8 B2C,B2C-PRICE-FROM: Prezentacja ceny od,Wymaganie B2C-PRICE-FROM. Strumień P8 B2C. Szczegóły: docs/workorders/PLAN-DOKONCZENIA-SYSTEMU.md,p8,
P8 B2C,B2C-CATALOG-LIST: Lista katalogu,Wymaganie B2C-CATALOG-LIST. Strumień P8 B2C. Szczegóły: docs/workorders/PLAN-DOKONCZENIA-SYSTEMU.md,p8,
P8 B2C,B2C-DEVICE-MODAL: Modal urządzenia,Wymaganie B2C-DEVICE-MODAL. Strumień P8 B2C. Szczegóły: docs/workorders/PLAN-DOKONCZENIA-SYSTEMU.md,p8,
P8 B2C,B2C-CATALOG-VIEW-TRACKED: Śledzenie obejrzanych urządzeń,Wymaganie B2C-CATALOG-VIEW-TRACKED. Strumień P8 B2C. Szczegóły: docs/workorders/PLAN-DOKONCZENIA-SYSTEMU.md,p8,
P8 B2C,B2C-CONTENT-PAGES: Strony treściowe,Wymaganie B2C-CONTENT-PAGES. Strumień P8 B2C. Szczegóły: docs/workorders/PLAN-DOKONCZENIA-SYSTEMU.md,p8,
P8 B2C,B2C-NAV-STATE: Stan nawigacji,Wymaganie B2C-NAV-STATE. Strumień P8 B2C. Szczegóły: docs/workorders/PLAN-DOKONCZENIA-SYSTEMU.md,p8,
P8 B2C,B2C-PROPERTY-DATA: Powierzchnia i przeznaczenie lokalu na potrzeby VAT,Wymaganie B2C-PROPERTY-DATA. Strumień P8 B2C. Szczegóły: docs/workorders/PLAN-DOKONCZENIA-SYSTEMU.md,p8,
P8 B2C,CATALOG-REFRESH: Odświeżenie katalogu urządzeń i cen hurtowych,Wymaganie CATALOG-REFRESH. Strumień P8 B2C. Szczegóły: docs/workorders/PLAN-DOKONCZENIA-SYSTEMU.md,p8,
P9 CRM i serwisy,CRM-KLI-AC1: Kartoteka klienta,Wymaganie CRM-KLI-AC1. Strumień P9 CRM i serwisy. Szczegóły: docs/workorders/PLAN-DOKONCZENIA-SYSTEMU.md,p9,
P9 CRM i serwisy,CRM-KLI-AC2: Kartoteka klienta: powiązania,Wymaganie CRM-KLI-AC2. Strumień P9 CRM i serwisy. Szczegóły: docs/workorders/PLAN-DOKONCZENIA-SYSTEMU.md,p9,
P9 CRM i serwisy,CRM-KLI-AC3: Kartoteka klienta: historia,Wymaganie CRM-KLI-AC3. Strumień P9 CRM i serwisy. Szczegóły: docs/workorders/PLAN-DOKONCZENIA-SYSTEMU.md,p9,
P9 CRM i serwisy,CRM-INST-AC1: Kartoteka instalacji,Wymaganie CRM-INST-AC1. Strumień P9 CRM i serwisy. Szczegóły: docs/workorders/PLAN-DOKONCZENIA-SYSTEMU.md,p9,
P9 CRM i serwisy,CRM-INST-AC2: Kartoteka instalacji: powiązania,Wymaganie CRM-INST-AC2. Strumień P9 CRM i serwisy. Szczegóły: docs/workorders/PLAN-DOKONCZENIA-SYSTEMU.md,p9,
P9 CRM i serwisy,CRM-UST-AC1: Obsługa usterek z SLA 48h,Wymaganie CRM-UST-AC1. Strumień P9 CRM i serwisy. Szczegóły: docs/workorders/PLAN-DOKONCZENIA-SYSTEMU.md,p9,
P9 CRM i serwisy,CRM-UST-AC2: Usterki: przypisanie,Wymaganie CRM-UST-AC2. Strumień P9 CRM i serwisy. Szczegóły: docs/workorders/PLAN-DOKONCZENIA-SYSTEMU.md,p9,
P9 CRM i serwisy,CRM-UST-AC3: Usterki: zamknięcie,Wymaganie CRM-UST-AC3. Strumień P9 CRM i serwisy. Szczegóły: docs/workorders/PLAN-DOKONCZENIA-SYSTEMU.md,p9,
P9 CRM i serwisy,CRM-AUDYT-AC2: Audytorzy: lista,Wymaganie CRM-AUDYT-AC2. Strumień P9 CRM i serwisy. Szczegóły: docs/workorders/PLAN-DOKONCZENIA-SYSTEMU.md,p9,
P9 CRM i serwisy,CRM-AUDYT-AC3: Audytorzy: szczegóły,Wymaganie CRM-AUDYT-AC3. Strumień P9 CRM i serwisy. Szczegóły: docs/workorders/PLAN-DOKONCZENIA-SYSTEMU.md,p9,
P9 CRM i serwisy,CRM-AUDYT-KARTOTEKA: Kartoteka audytora,Wymaganie CRM-AUDYT-KARTOTEKA. Strumień P9 CRM i serwisy. Szczegóły: docs/workorders/PLAN-DOKONCZENIA-SYSTEMU.md,p9,
P9 CRM i serwisy,CRM-ZESP-KARTOTEKA: Kartoteka ekipy,Wymaganie CRM-ZESP-KARTOTEKA. Strumień P9 CRM i serwisy. Szczegóły: docs/workorders/PLAN-DOKONCZENIA-SYSTEMU.md,p9,
P9 CRM i serwisy,CRM-ZESP-AC1: Ekipy: lista,Wymaganie CRM-ZESP-AC1. Strumień P9 CRM i serwisy. Szczegóły: docs/workorders/PLAN-DOKONCZENIA-SYSTEMU.md,p9,
P9 CRM i serwisy,CRM-ZESP-AC3: Ekipy: uprawnienia,Wymaganie CRM-ZESP-AC3. Strumień P9 CRM i serwisy. Szczegóły: docs/workorders/PLAN-DOKONCZENIA-SYSTEMU.md,p9,
P9 CRM i serwisy,CRM-ZESP-REP: Raport ekip,Wymaganie CRM-ZESP-REP. Strumień P9 CRM i serwisy. Szczegóły: docs/workorders/PLAN-DOKONCZENIA-SYSTEMU.md,p9,
P9 CRM i serwisy,CRM-ZIMNE-AC1: Zimne leady,Wymaganie CRM-ZIMNE-AC1. Strumień P9 CRM i serwisy. Szczegóły: docs/workorders/PLAN-DOKONCZENIA-SYSTEMU.md,p9,
P9 CRM i serwisy,CRM-BOOK-HISTORY: Historia rezerwacji,Wymaganie CRM-BOOK-HISTORY. Strumień P9 CRM i serwisy. Szczegóły: docs/workorders/PLAN-DOKONCZENIA-SYSTEMU.md,p9,
P9 CRM i serwisy,CRM-REGION-AUTO: Automatyczny region,Wymaganie CRM-REGION-AUTO. Strumień P9 CRM i serwisy. Szczegóły: docs/workorders/PLAN-DOKONCZENIA-SYSTEMU.md,p9,
P9 CRM i serwisy,CRM-PROJECT-NUMBER: Numer projektu,Wymaganie CRM-PROJECT-NUMBER. Strumień P9 CRM i serwisy. Szczegóły: docs/workorders/PLAN-DOKONCZENIA-SYSTEMU.md,p9,
P9 CRM i serwisy,CRM-READABLE-IDENTIFIERS: Czytelne identyfikatory,Wymaganie CRM-READABLE-IDENTIFIERS. Strumień P9 CRM i serwisy. Szczegóły: docs/workorders/PLAN-DOKONCZENIA-SYSTEMU.md,p9,
P9 CRM i serwisy,CRM-SRV-TRIGGER: Cron przypomnień o serwisach rocznych,Wymaganie CRM-SRV-TRIGGER. Strumień P9 CRM i serwisy. Szczegóły: docs/workorders/PLAN-DOKONCZENIA-SYSTEMU.md,p9,
P9 CRM i serwisy,SRV-SOURCE-OF-TRUTH: Źródło prawdy dla daty serwisu,Wymaganie SRV-SOURCE-OF-TRUTH. Strumień P9 CRM i serwisy. Szczegóły: docs/workorders/PLAN-DOKONCZENIA-SYSTEMU.md,p9,
P9 CRM i serwisy,SRV-REMINDER-ONCE: Jedno przypomnienie na cykl,Wymaganie SRV-REMINDER-ONCE. Strumień P9 CRM i serwisy. Szczegóły: docs/workorders/PLAN-DOKONCZENIA-SYSTEMU.md,p9,
P9 CRM i serwisy,SRV-NEXT-DATE: Data kolejnego serwisu po montażu,Wymaganie SRV-NEXT-DATE. Strumień P9 CRM i serwisy. Szczegóły: docs/workorders/PLAN-DOKONCZENIA-SYSTEMU.md,p9,
P10 Jakość i wdrożenie,UI-NO-HARDCODED-COLORS: Zero kolorów hex w komponentach,Wymaganie UI-NO-HARDCODED-COLORS. Strumień P10 Jakość i wdrożenie. Szczegóły: docs/workorders/PLAN-DOKONCZENIA-SYSTEMU.md,p10,
P10 Jakość i wdrożenie,UI-ICONS-LUCIDE-ONLY: Ikony wyłącznie z lucide-react,Wymaganie UI-ICONS-LUCIDE-ONLY. Strumień P10 Jakość i wdrożenie. Szczegóły: docs/workorders/PLAN-DOKONCZENIA-SYSTEMU.md,p10,
P10 Jakość i wdrożenie,UI-FORMS-RHF-ZOD: Formularze na react-hook-form i Zod,Wymaganie UI-FORMS-RHF-ZOD. Strumień P10 Jakość i wdrożenie. Szczegóły: docs/workorders/PLAN-DOKONCZENIA-SYSTEMU.md,p10,
P10 Jakość i wdrożenie,UI-SLA-NO-GREEN: Brak zielonych alertów SLA,Wymaganie UI-SLA-NO-GREEN. Strumień P10 Jakość i wdrożenie. Szczegóły: docs/workorders/PLAN-DOKONCZENIA-SYSTEMU.md,p10,
P10 Jakość i wdrożenie,SLA-LOG-COLORS: Kolory logów SLA,Wymaganie SLA-LOG-COLORS. Strumień P10 Jakość i wdrożenie. Szczegóły: docs/workorders/PLAN-DOKONCZENIA-SYSTEMU.md,p10,
P10 Jakość i wdrożenie,CRM-CONTEXT-MENU: Menu kontekstowe w tabelach,Wymaganie CRM-CONTEXT-MENU. Strumień P10 Jakość i wdrożenie. Szczegóły: docs/workorders/PLAN-DOKONCZENIA-SYSTEMU.md,p10,
P10 Jakość i wdrożenie,OPS-MONITORING: Monitoring Sentry,Wymaganie OPS-MONITORING. Strumień P10 Jakość i wdrożenie. Szczegóły: docs/workorders/PLAN-DOKONCZENIA-SYSTEMU.md,p10,
P10 Jakość i wdrożenie,"OPS-DOMAINS: Domeny produkcyjne, SSL, DKIM/SPF/DMARC",Wymaganie OPS-DOMAINS. Strumień P10 Jakość i wdrożenie. Szczegóły: docs/workorders/PLAN-DOKONCZENIA-SYSTEMU.md,p10,
P10 Jakość i wdrożenie,QA-E2E-CRITICAL-PATHS: Testy E2E ścieżek krytycznych,Wymaganie QA-E2E-CRITICAL-PATHS. Strumień P10 Jakość i wdrożenie. Szczegóły: docs/workorders/PLAN-DOKONCZENIA-SYSTEMU.md,p10,
